"","Abramis_brama","Accipiter_gentilis","Accipiter_nisus","Aegithalos_caudatus","Aegolius_funereus","Anas_sp.","Apodemus_agrarius","Apodemus_flavicollis","Apodemus_sylvaticus","Arvicola_terrestris","Asio_otus","Astacus_sp.","Bison_bonasus","Bonasa_bonasia","Bufo_sp.","Buteo_buteo","Canis_lupus","Capreolus_capreolus","Carcass","Carduelis_carduelis","Carduelis_chloris","Carduelis_spinus","Certhia_familiaris","Cervus_elaphus","Clethrionomys_glareolus","Coccothraustes_coccothraustes","Columba_livia","Columba_palumbus","Corvus_corone","Corvus_frugilegus","Cygnus_sp.","Dendrocopos_leucotos","Dendrocopos_major","Dendrocopos_medius","Dendrocopos_minor","Dryocopus_martius","Dryomys_nitedula","Emberiza_citrinella","Erinaceus_concolor","Garrulus_glandarius","Gasterosteus_aculeatus","Glaucidium_passerinum","Glis_glis","Lacerta_sp.","Lepus_europaeus","Leuciscus_idus","Lutra_lutra","Lynx_lynx","Martes_martes","Micromys_minutus","Microtus_agrestis","Microtus_arvalis","Microtus_oeconomus","Misgurnus_fossilis","Mus_musculus","Mustela_erminea","Mustela_nivalis","Mustela_putorius","Mustela_vison","Natrix_natrix","Neomys_fodiens","Nucifraga_caryocatactes","Nyctereutes_procyonoides","Parus_caeruleus","Parus_major","Pelobates_fuscus","Picoides_tridactylus","Picus_viridis","Pitymys_subterraneus","Prunella_modularis","Pyrrhula_pyrrhula","Rana_arvalis","Rana_esculenta","Rana_temporaria","Rattus_norvegicus","Regulus_regulus","Scardinius_erythrophthalmus","Sciurus_vulgaris","Scolopax_rusticola","Sicista_betulina","Sitta_europaea","Sorex_araneus","Sorex_minutus","Strix_aluco","Sus_scrofa","Sylvia_atricapilla","Talpa_europaea","Tinca_tinca","Troglodytes_troglodytes","Undet._amphibians","Undet._bats","Undet._birds","Vulpes_vulpes"
"Abramis_brama",0.05924,NA,NA,NA,NA,NA,NA,NA,NA,NA,NA,NA,NA,NA,NA,NA,NA,NA,NA,NA,NA,NA,NA,NA,NA,NA,NA,NA,NA,NA,NA,NA,NA,NA,NA,NA,NA,NA,NA,NA,NA,NA,NA,NA,NA,NA,0,NA,NA,NA,NA,NA,NA,NA,NA,NA,NA,NA,NA,NA,NA,NA,NA,NA,NA,NA,NA,NA,NA,NA,NA,NA,NA,NA,NA,NA,NA,NA,NA,NA,NA,NA,NA,NA,NA,NA,NA,NA,NA,NA,NA,NA,NA
"Accipiter_gentilis",NA,8.70954692556634,NA,NA,NA,NA,NA,NA,NA,-0.00184691116327039,NA,NA,NA,-0.000355476432138284,NA,NA,NA,NA,NA,NA,-0.00629621760941357,NA,NA,NA,-7.35595745175092e-05,-0.0013974869912558,NA,-0.00347653574667206,-0.0415682914170966,-0.0349467936692406,NA,-0.11000752398398,-0.0128462371992363,-0.0379710386061001,NA,-0.00405321316603657,-0.00353085957684045,NA,NA,-0.0429202477615041,NA,NA,NA,NA,-0.00315255319360754,NA,NA,NA,NA,-0.000119098128059207,NA,NA,-0.000243014626746104,NA,NA,NA,NA,NA,NA,-1.6460883808114e-05,NA,-0.00535254354843639,NA,NA,-0.000359888787239737,NA,NA,-0.0116146696606594,NA,NA,NA,NA,NA,-1.75788123956796e-06,NA,NA,NA,-0.00201884596281441,NA,NA,-7.08018357993062e-05,NA,NA,NA,NA,NA,-5.41575453891317e-05,NA,NA,NA,NA,-0.00622965404570456,NA
"Accipiter_nisus",NA,NA,30.7859078590786,-0.00120817089018844,NA,NA,NA,NA,-0.0289565580357143,NA,NA,NA,NA,NA,NA,NA,NA,NA,NA,NA,-0.0911210162408774,NA,-0.00213635397445696,NA,-0.000502717688637955,-0.0131087309721595,-0.134536390079189,NA,NA,NA,NA,NA,-0.0314253529737706,-0.0755966622320742,-0.715755670065014,NA,NA,-0.0300715946605695,NA,-0.015293617963832,NA,NA,NA,NA,NA,NA,NA,NA,NA,NA,NA,NA,-0.00117233028484673,NA,NA,NA,NA,NA,NA,NA,NA,-0.0100416037977096,NA,-0.0747213187194682,-0.0551225623906614,NA,-0.133219250595896,NA,NA,-0.00611294029288905,-0.0153014997018148,NA,NA,NA,NA,-0.000281311851690657,NA,NA,-0.00182300163911573,-7.6362517580872e-05,-0.030739607123333,NA,NA,NA,NA,-0.00326472842510663,NA,NA,-0.00309097476327679,NA,-0.00206833333333332,-0.0237710708412465,NA
"Aegithalos_caudatus",NA,NA,0.0120817089018844,4.24807,NA,NA,NA,NA,NA,NA,NA,NA,NA,NA,NA,NA,NA,NA,NA,NA,NA,NA,NA,NA,NA,NA,NA,NA,NA,NA,NA,NA,NA,NA,NA,NA,NA,NA,NA,NA,NA,NA,NA,NA,NA,NA,NA,NA,NA,NA,NA,NA,NA,NA,NA,NA,NA,NA,NA,NA,NA,NA,NA,NA,NA,NA,NA,NA,NA,NA,NA,NA,NA,NA,NA,NA,NA,NA,NA,NA,NA,NA,NA,NA,NA,NA,NA,NA,NA,NA,NA,NA,NA
"Aegolius_funereus",NA,NA,NA,NA,329.917355371901,NA,NA,-0.0025624277970319,-0.733981818181817,NA,NA,NA,NA,NA,NA,NA,NA,NA,NA,NA,NA,NA,-0.00618878155371791,NA,-0.00916620617944146,NA,NA,NA,NA,NA,NA,NA,NA,-0.0110550085879033,NA,NA,NA,NA,NA,NA,NA,NA,NA,NA,NA,NA,NA,NA,NA,-0.00416089466089466,-0.0189786526440424,-0.0623228015179014,NA,NA,NA,NA,NA,NA,NA,NA,NA,NA,NA,-0.0320114978865703,-0.0220036260170429,NA,NA,NA,-0.00217297798646436,NA,NA,NA,NA,NA,NA,-0.0142611569734086,NA,NA,NA,-0.00221212121212121,NA,-0.000104022366522367,-0.003120670995671,NA,NA,NA,NA,NA,NA,NA,NA,-0.00981193479716669,NA
"Anas_sp.",NA,NA,NA,NA,NA,0.01022,NA,NA,NA,NA,NA,NA,NA,NA,NA,NA,NA,NA,NA,NA,NA,NA,NA,NA,NA,NA,NA,NA,NA,NA,NA,NA,NA,NA,NA,NA,NA,NA,NA,NA,NA,NA,NA,NA,NA,NA,0.0605066066859857,NA,NA,NA,NA,NA,NA,NA,NA,NA,NA,NA,NA,NA,NA,NA,NA,NA,NA,NA,NA,NA,NA,NA,NA,NA,NA,NA,NA,NA,NA,NA,NA,NA,NA,NA,NA,NA,NA,NA,NA,NA,NA,NA,NA,NA,NA
"Apodemus_agrarius",NA,NA,NA,NA,NA,NA,0.83871,NA,NA,NA,NA,NA,NA,NA,NA,NA,NA,NA,NA,NA,NA,NA,NA,NA,NA,NA,NA,NA,NA,NA,NA,NA,NA,NA,NA,NA,NA,NA,NA,NA,NA,NA,NA,NA,NA,NA,NA,NA,0,NA,NA,NA,NA,NA,NA,NA,NA,NA,NA,NA,NA,NA,NA,NA,NA,NA,NA,NA,NA,NA,NA,NA,NA,NA,NA,NA,NA,NA,NA,NA,NA,NA,NA,0,NA,NA,NA,NA,NA,NA,NA,NA,0
"Apodemus_flavicollis",NA,NA,NA,NA,0.025624277970319,NA,NA,0.00227,NA,NA,NA,NA,NA,NA,NA,0.00197236960763693,NA,NA,NA,NA,NA,NA,NA,NA,NA,NA,NA,NA,NA,NA,NA,NA,NA,NA,NA,NA,NA,NA,NA,NA,NA,0.0153557149615617,NA,NA,NA,NA,0,NA,0.0338884877342107,NA,NA,NA,NA,NA,NA,0.0799062858600025,0.275526406573137,0.00604919625702438,0,NA,NA,NA,0,NA,NA,NA,NA,NA,NA,NA,NA,NA,NA,NA,NA,NA,NA,NA,NA,NA,NA,NA,NA,0.0296616092743479,NA,NA,NA,NA,NA,NA,NA,NA,0.00546134092373268
"Apodemus_sylvaticus",NA,NA,0.289565580357143,NA,7.33981818181817,NA,NA,NA,6.70827,NA,NA,NA,NA,NA,NA,NA,NA,NA,NA,NA,NA,NA,NA,NA,NA,NA,NA,NA,NA,NA,NA,NA,NA,NA,NA,NA,NA,NA,NA,NA,NA,NA,NA,NA,NA,NA,NA,NA,NA,NA,NA,NA,NA,NA,NA,NA,NA,NA,NA,NA,NA,NA,NA,NA,NA,NA,NA,NA,NA,NA,NA,NA,NA,NA,NA,NA,NA,NA,NA,NA,NA,NA,NA,0.108370681486881,NA,NA,NA,NA,NA,NA,NA,NA,NA
"Arvicola_terrestris",NA,0.0184691116327039,NA,NA,NA,NA,NA,NA,NA,0.64635,NA,NA,NA,NA,NA,NA,NA,NA,NA,NA,NA,NA,NA,NA,NA,NA,NA,NA,NA,NA,NA,NA,NA,NA,NA,NA,NA,NA,NA,NA,NA,NA,NA,NA,NA,NA,NA,NA,NA,NA,NA,NA,NA,NA,NA,NA,NA,NA,0.406533183483184,NA,NA,NA,NA,NA,NA,NA,NA,NA,NA,NA,NA,NA,NA,NA,NA,NA,NA,NA,NA,NA,NA,NA,NA,0.0333448932869851,NA,NA,NA,NA,NA,NA,NA,NA,NA
"Asio_otus",NA,NA,NA,NA,NA,NA,NA,NA,NA,NA,144.827586206897,NA,NA,NA,NA,NA,NA,NA,NA,NA,NA,NA,NA,NA,NA,NA,NA,NA,NA,NA,NA,NA,NA,NA,NA,NA,NA,NA,NA,NA,NA,NA,NA,NA,NA,NA,NA,NA,NA,NA,NA,NA,NA,NA,NA,NA,NA,NA,NA,NA,NA,NA,NA,NA,NA,NA,NA,NA,NA,NA,NA,NA,NA,NA,NA,NA,NA,NA,NA,NA,NA,NA,NA,NA,NA,NA,NA,NA,NA,NA,NA,-0.000809452499635316,NA
"Astacus_sp.",NA,NA,NA,NA,NA,NA,NA,NA,NA,NA,NA,1.10754,NA,NA,NA,NA,NA,NA,NA,NA,NA,NA,NA,NA,NA,NA,NA,NA,NA,NA,NA,NA,NA,NA,NA,NA,NA,NA,NA,NA,NA,NA,NA,NA,NA,NA,0.0543171631677088,NA,NA,NA,NA,NA,NA,NA,NA,NA,NA,NA,0,NA,NA,NA,NA,NA,NA,NA,NA,NA,NA,NA,NA,NA,NA,NA,NA,NA,NA,NA,NA,NA,NA,NA,NA,NA,NA,NA,NA,NA,NA,NA,NA,NA,NA
"Bison_bonasus",NA,NA,NA,NA,NA,NA,NA,NA,NA,NA,NA,NA,8e-05,NA,NA,NA,0,NA,NA,NA,NA,NA,NA,NA,NA,NA,NA,NA,NA,NA,NA,NA,NA,NA,NA,NA,NA,NA,NA,NA,NA,NA,NA,NA,NA,NA,NA,NA,NA,NA,NA,NA,NA,NA,NA,NA,NA,NA,NA,NA,NA,NA,NA,NA,NA,NA,NA,NA,NA,NA,NA,NA,NA,NA,NA,NA,NA,NA,NA,NA,NA,NA,NA,NA,NA,NA,NA,NA,NA,NA,NA,NA,NA
"Bonasa_bonasia",NA,0.00355476432138284,NA,NA,NA,NA,NA,NA,NA,NA,NA,NA,NA,0.02884,NA,NA,NA,NA,NA,NA,NA,NA,NA,NA,NA,NA,NA,NA,NA,NA,NA,NA,NA,NA,NA,NA,NA,NA,NA,NA,NA,NA,NA,NA,NA,NA,NA,0,NA,NA,NA,NA,NA,NA,NA,NA,NA,NA,NA,NA,NA,NA,NA,NA,NA,NA,NA,NA,NA,NA,NA,NA,NA,NA,NA,NA,NA,NA,NA,NA,NA,NA,NA,NA,NA,NA,NA,NA,NA,NA,NA,NA,NA
"Bufo_sp.",NA,NA,NA,NA,NA,NA,NA,NA,NA,NA,NA,NA,NA,NA,0.00537,NA,NA,NA,NA,NA,NA,NA,NA,NA,NA,NA,NA,NA,NA,NA,NA,NA,NA,NA,NA,NA,NA,NA,NA,NA,NA,NA,NA,NA,NA,NA,0.00851199033739211,NA,NA,NA,NA,NA,NA,NA,NA,NA,NA,NA,NA,NA,NA,NA,0.00110125189416957,NA,NA,NA,NA,NA,NA,NA,NA,NA,NA,NA,NA,NA,NA,NA,NA,NA,NA,NA,NA,NA,NA,NA,NA,NA,NA,NA,NA,NA,NA
"Buteo_buteo",NA,NA,NA,NA,NA,NA,NA,-0.000197236960763693,NA,NA,NA,NA,NA,NA,NA,1.77271288382399,NA,NA,NA,NA,NA,NA,NA,NA,NA,NA,NA,NA,NA,NA,NA,NA,NA,NA,NA,NA,NA,0,NA,NA,NA,NA,NA,NA,NA,NA,NA,NA,NA,-0.000941984479834455,-0.00157617102719414,-0.0109140433032347,-0.00429270951595514,NA,NA,NA,NA,NA,NA,NA,NA,NA,NA,NA,NA,NA,NA,NA,NA,NA,NA,NA,NA,NA,NA,NA,NA,NA,NA,NA,NA,NA,-0.00016955784500014,NA,NA,NA,NA,NA,NA,NA,NA,NA,NA
"Canis_lupus",NA,NA,NA,NA,NA,NA,NA,NA,NA,NA,NA,NA,0,NA,NA,NA,1.79347826086956,-0.00136012133867056,NA,NA,NA,NA,NA,-0.000475772724313834,-1.24667524616183e-06,NA,NA,NA,NA,NA,NA,NA,0,NA,NA,NA,NA,NA,0,NA,NA,NA,NA,NA,NA,NA,NA,NA,NA,NA,NA,NA,0,NA,NA,NA,NA,NA,NA,-8.36928836584169e-07,NA,NA,NA,NA,NA,NA,NA,NA,NA,NA,NA,NA,NA,NA,NA,NA,NA,0,NA,NA,0,0,NA,NA,-0.000253835588949968,NA,NA,NA,NA,-8.03121316474781e-07,NA,NA,NA
"Capreolus_capreolus",NA,NA,NA,NA,NA,NA,NA,NA,NA,NA,NA,NA,NA,NA,NA,NA,0.0136012133867056,0.00052,NA,NA,NA,NA,NA,NA,NA,NA,NA,NA,NA,NA,NA,NA,NA,NA,NA,NA,NA,NA,NA,NA,NA,NA,NA,NA,NA,NA,NA,0.0196820589457143,NA,NA,NA,NA,NA,NA,NA,NA,NA,NA,NA,NA,NA,NA,NA,NA,NA,NA,NA,NA,NA,NA,NA,NA,NA,NA,NA,NA,NA,NA,NA,NA,NA,NA,NA,NA,NA,NA,NA,NA,NA,NA,NA,NA,NA
"Carcass",NA,NA,NA,NA,NA,NA,NA,NA,NA,NA,NA,NA,NA,NA,NA,NA,NA,NA,NA,NA,NA,NA,NA,NA,NA,NA,NA,NA,NA,NA,NA,NA,NA,NA,NA,NA,NA,NA,NA,NA,NA,NA,NA,NA,NA,NA,NA,NA,NA,NA,NA,NA,NA,NA,NA,NA,NA,NA,NA,NA,NA,NA,6.90242665910008,NA,NA,NA,NA,NA,NA,NA,NA,NA,NA,NA,NA,NA,NA,NA,NA,NA,NA,NA,NA,NA,NA,NA,NA,NA,NA,NA,NA,NA,6.79255714724825
"Carduelis_carduelis",NA,NA,NA,NA,NA,NA,NA,NA,NA,NA,NA,NA,NA,NA,NA,NA,NA,NA,NA,10.50318,NA,NA,NA,NA,NA,NA,NA,NA,NA,NA,NA,NA,NA,NA,NA,NA,NA,NA,NA,NA,NA,0.893160641627206,NA,NA,NA,NA,NA,NA,NA,NA,NA,NA,NA,NA,NA,NA,NA,NA,NA,NA,NA,NA,NA,NA,NA,NA,NA,NA,NA,NA,NA,NA,NA,NA,NA,NA,NA,NA,NA,NA,NA,NA,NA,0.223360879333455,NA,NA,NA,NA,NA,NA,NA,NA,NA
"Carduelis_chloris",NA,0.0629621760941357,0.911210162408774,NA,NA,NA,NA,NA,NA,NA,NA,NA,NA,NA,NA,NA,NA,NA,NA,NA,3.11131,NA,NA,NA,NA,NA,NA,NA,NA,NA,NA,NA,NA,NA,NA,NA,NA,NA,NA,NA,NA,2.04550437443811,NA,NA,NA,NA,NA,NA,NA,NA,NA,NA,NA,NA,NA,NA,NA,NA,NA,NA,NA,NA,NA,NA,NA,NA,NA,NA,NA,NA,NA,NA,NA,NA,NA,NA,NA,NA,NA,NA,NA,NA,NA,NA,NA,NA,NA,NA,NA,NA,NA,NA,NA
"Carduelis_spinus",NA,NA,NA,NA,NA,NA,NA,NA,NA,NA,NA,NA,NA,NA,NA,NA,NA,NA,NA,NA,NA,3.57801,NA,NA,NA,NA,NA,NA,NA,NA,NA,NA,NA,NA,NA,NA,NA,NA,NA,NA,NA,0.454556138089572,NA,NA,NA,NA,NA,NA,NA,NA,NA,NA,NA,NA,NA,NA,NA,NA,NA,NA,NA,NA,NA,NA,NA,NA,NA,NA,NA,NA,NA,NA,NA,NA,NA,NA,NA,NA,NA,NA,NA,NA,NA,NA,NA,NA,NA,NA,NA,NA,NA,NA,NA
"Certhia_familiaris",NA,NA,0.0213635397445696,NA,0.0618878155371791,NA,NA,NA,NA,NA,NA,NA,NA,NA,NA,NA,NA,NA,NA,NA,NA,NA,1.29734,NA,NA,NA,NA,NA,NA,NA,NA,NA,NA,NA,NA,NA,NA,NA,NA,NA,NA,0.223801970762162,NA,NA,NA,NA,NA,NA,NA,NA,NA,NA,NA,NA,NA,NA,NA,NA,NA,NA,NA,NA,NA,NA,NA,NA,NA,NA,NA,NA,NA,NA,NA,NA,NA,NA,NA,NA,NA,NA,NA,NA,NA,NA,NA,NA,NA,NA,NA,NA,NA,NA,NA
"Cervus_elaphus",NA,NA,NA,NA,NA,NA,NA,NA,NA,NA,NA,NA,NA,NA,NA,NA,0.00475772724313834,NA,NA,NA,NA,NA,NA,7e-05,NA,NA,NA,NA,NA,NA,NA,NA,NA,NA,NA,NA,NA,NA,NA,NA,NA,NA,NA,NA,NA,NA,NA,0.00268856433990655,NA,NA,NA,NA,NA,NA,NA,NA,NA,NA,NA,NA,NA,NA,NA,NA,NA,NA,NA,NA,NA,NA,NA,NA,NA,NA,NA,NA,NA,NA,NA,NA,NA,NA,NA,NA,NA,NA,NA,NA,NA,NA,NA,NA,NA
"Clethrionomys_glareolus",NA,0.000735595745175092,0.00502717688637955,NA,0.0916620617944146,NA,NA,NA,NA,NA,NA,NA,NA,NA,NA,NA,1.24667524616183e-05,NA,NA,NA,NA,NA,NA,NA,0.00424,NA,NA,NA,NA,NA,NA,NA,NA,NA,NA,NA,NA,NA,NA,NA,NA,0.150468355905396,NA,NA,NA,NA,0,0,0.0462274191505305,NA,NA,NA,NA,NA,NA,0.0512454710144927,0.0871009708570927,NA,0,NA,NA,NA,NA,NA,NA,NA,NA,NA,NA,NA,NA,NA,NA,NA,NA,NA,NA,NA,NA,NA,NA,NA,NA,0.014940828526351,NA,NA,NA,NA,NA,NA,NA,NA,0.00402396980835253
"Coccothraustes_coccothraustes",NA,0.013974869912558,0.131087309721595,NA,NA,NA,NA,NA,NA,NA,NA,NA,NA,NA,NA,NA,NA,NA,NA,NA,NA,NA,NA,NA,NA,0.0951,NA,NA,NA,NA,NA,NA,NA,NA,NA,NA,NA,NA,NA,NA,NA,0.0896816534479299,NA,NA,NA,NA,NA,NA,NA,NA,NA,NA,NA,NA,NA,NA,NA,NA,NA,NA,NA,NA,NA,NA,NA,NA,NA,NA,NA,NA,NA,NA,NA,NA,NA,NA,NA,NA,NA,NA,NA,NA,NA,0.00420513122522137,NA,NA,NA,NA,NA,NA,NA,NA,NA
"Columba_livia",NA,NA,1.34536390079189,NA,NA,NA,NA,NA,NA,NA,NA,NA,NA,NA,NA,NA,NA,NA,NA,NA,NA,NA,NA,NA,NA,NA,0.05742,NA,NA,NA,NA,NA,NA,NA,NA,NA,NA,NA,NA,NA,NA,NA,NA,NA,NA,NA,NA,NA,NA,NA,NA,NA,NA,NA,NA,NA,NA,NA,NA,NA,NA,NA,NA,NA,NA,NA,NA,NA,NA,NA,NA,NA,NA,NA,NA,NA,NA,NA,NA,NA,NA,NA,NA,NA,NA,NA,NA,NA,NA,NA,NA,NA,NA
"Columba_palumbus",NA,0.0347653574667206,NA,NA,NA,NA,NA,NA,NA,NA,NA,NA,NA,NA,NA,NA,NA,NA,NA,NA,NA,NA,NA,NA,NA,NA,NA,0.02194,NA,NA,NA,NA,NA,NA,NA,NA,NA,NA,NA,NA,NA,NA,NA,NA,NA,NA,NA,NA,NA,NA,NA,NA,NA,NA,NA,NA,NA,NA,NA,NA,NA,NA,NA,NA,NA,NA,NA,NA,NA,NA,NA,NA,NA,NA,NA,NA,NA,NA,NA,NA,NA,NA,NA,NA,NA,NA,NA,NA,NA,NA,NA,NA,NA
"Corvus_corone",NA,0.415682914170966,NA,NA,NA,NA,NA,NA,NA,NA,NA,NA,NA,NA,NA,NA,NA,NA,NA,NA,NA,NA,NA,NA,NA,NA,NA,NA,0.87942,NA,NA,NA,NA,NA,NA,NA,NA,NA,NA,NA,NA,NA,NA,NA,NA,NA,NA,NA,NA,NA,NA,NA,NA,NA,NA,NA,NA,NA,NA,NA,NA,NA,NA,NA,NA,NA,NA,NA,NA,NA,NA,NA,NA,NA,NA,NA,NA,NA,NA,NA,NA,NA,NA,NA,NA,NA,NA,NA,NA,NA,NA,NA,NA
"Corvus_frugilegus",NA,0.349467936692406,NA,NA,NA,NA,NA,NA,NA,NA,NA,NA,NA,NA,NA,NA,NA,NA,NA,NA,NA,NA,NA,NA,NA,NA,NA,NA,NA,1.17522,NA,NA,NA,NA,NA,NA,NA,NA,NA,NA,NA,NA,NA,NA,NA,NA,NA,NA,NA,NA,NA,NA,NA,NA,NA,NA,NA,NA,NA,NA,NA,NA,NA,NA,NA,NA,NA,NA,NA,NA,NA,NA,NA,NA,NA,NA,NA,NA,NA,NA,NA,NA,NA,NA,NA,NA,NA,NA,NA,NA,NA,NA,NA
"Cygnus_sp.",NA,NA,NA,NA,NA,NA,NA,NA,NA,NA,NA,NA,NA,NA,NA,NA,NA,NA,NA,NA,NA,NA,NA,NA,NA,NA,NA,NA,NA,NA,0.03849,NA,NA,NA,NA,NA,NA,NA,NA,NA,NA,NA,NA,NA,NA,NA,NA,NA,NA,NA,NA,NA,NA,NA,NA,NA,NA,NA,NA,NA,NA,NA,0,NA,NA,NA,NA,NA,NA,NA,NA,NA,NA,NA,NA,NA,NA,NA,NA,NA,NA,NA,NA,NA,NA,NA,NA,NA,NA,NA,NA,NA,NA
"Dendrocopos_leucotos",NA,1.1000752398398,NA,NA,NA,NA,NA,NA,NA,NA,NA,NA,NA,NA,NA,NA,NA,NA,NA,NA,NA,NA,NA,NA,NA,NA,NA,NA,NA,NA,NA,0.69708,NA,NA,NA,NA,NA,NA,NA,NA,NA,NA,NA,NA,NA,NA,NA,NA,NA,NA,NA,NA,NA,NA,NA,NA,NA,NA,NA,NA,NA,NA,NA,NA,NA,NA,NA,NA,NA,NA,NA,NA,NA,NA,NA,NA,NA,NA,NA,NA,NA,NA,NA,NA,NA,NA,NA,NA,NA,NA,NA,NA,NA
"Dendrocopos_major",NA,0.128462371992363,0.314253529737706,NA,NA,NA,NA,NA,NA,NA,NA,NA,NA,NA,NA,NA,0,NA,NA,NA,NA,NA,NA,NA,NA,NA,NA,NA,NA,NA,NA,NA,0.17384,NA,NA,NA,NA,NA,NA,NA,NA,0.0690644702962468,NA,NA,NA,NA,NA,NA,0.0229021989191919,NA,NA,NA,NA,NA,NA,NA,NA,NA,NA,NA,NA,NA,NA,NA,NA,NA,NA,NA,NA,NA,NA,NA,NA,NA,NA,NA,NA,NA,NA,NA,NA,NA,NA,NA,NA,NA,NA,NA,NA,NA,NA,NA,0
"Dendrocopos_medius",NA,0.379710386061001,0.755966622320742,NA,0.110550085879033,NA,NA,NA,NA,NA,NA,NA,NA,NA,NA,NA,NA,NA,NA,NA,NA,NA,NA,NA,NA,NA,NA,NA,NA,NA,NA,NA,NA,0.36668,NA,NA,NA,NA,NA,NA,NA,NA,NA,NA,NA,NA,NA,NA,NA,NA,NA,NA,NA,NA,NA,NA,NA,NA,NA,NA,NA,NA,NA,NA,NA,NA,NA,NA,NA,NA,NA,NA,NA,NA,NA,NA,NA,NA,NA,NA,NA,NA,NA,NA,NA,NA,NA,NA,NA,NA,NA,NA,NA
"Dendrocopos_minor",NA,NA,7.15755670065014,NA,NA,NA,NA,NA,NA,NA,NA,NA,NA,NA,NA,NA,NA,NA,NA,NA,NA,NA,NA,NA,NA,NA,NA,NA,NA,NA,NA,NA,NA,NA,3.38174,NA,NA,NA,NA,NA,NA,NA,NA,NA,NA,NA,NA,NA,NA,NA,NA,NA,NA,NA,NA,NA,NA,NA,NA,NA,NA,NA,NA,NA,NA,NA,NA,NA,NA,NA,NA,NA,NA,NA,NA,NA,NA,NA,NA,NA,NA,NA,NA,NA,NA,NA,NA,NA,NA,NA,NA,NA,NA
"Dryocopus_martius",NA,0.0405321316603657,NA,NA,NA,NA,NA,NA,NA,NA,NA,NA,NA,NA,NA,NA,NA,NA,NA,NA,NA,NA,NA,NA,NA,NA,NA,NA,NA,NA,NA,NA,NA,NA,NA,0.18321,NA,NA,NA,NA,NA,NA,NA,NA,NA,NA,NA,NA,NA,NA,NA,NA,NA,NA,NA,NA,NA,NA,NA,NA,NA,NA,NA,NA,NA,NA,NA,NA,NA,NA,NA,NA,NA,NA,NA,NA,NA,NA,NA,NA,NA,NA,NA,NA,NA,NA,NA,NA,NA,NA,NA,NA,NA
"Dryomys_nitedula",NA,0.0353085957684045,NA,NA,NA,NA,NA,NA,NA,NA,NA,NA,NA,NA,NA,NA,NA,NA,NA,NA,NA,NA,NA,NA,NA,NA,NA,NA,NA,NA,NA,NA,NA,NA,NA,NA,3.45581,NA,NA,NA,NA,NA,NA,NA,NA,NA,NA,NA,NA,NA,NA,NA,NA,NA,NA,NA,NA,NA,NA,NA,NA,NA,NA,NA,NA,NA,NA,NA,NA,NA,NA,NA,NA,NA,NA,NA,NA,NA,NA,NA,NA,NA,NA,NA,NA,NA,NA,NA,NA,NA,NA,NA,NA
"Emberiza_citrinella",NA,NA,0.300715946605695,NA,NA,NA,NA,NA,NA,NA,NA,NA,NA,NA,NA,0,NA,NA,NA,NA,NA,NA,NA,NA,NA,NA,NA,NA,NA,NA,NA,NA,NA,NA,NA,NA,NA,0.46171,NA,NA,NA,NA,NA,NA,NA,NA,NA,NA,NA,NA,NA,NA,NA,NA,NA,NA,NA,NA,NA,NA,NA,NA,NA,NA,NA,NA,NA,NA,NA,NA,NA,NA,NA,NA,NA,NA,NA,NA,NA,NA,NA,NA,NA,NA,NA,NA,NA,NA,NA,NA,NA,NA,0
"Erinaceus_concolor",NA,NA,NA,NA,NA,NA,NA,NA,NA,NA,NA,NA,NA,NA,NA,NA,0,NA,NA,NA,NA,NA,NA,NA,NA,NA,NA,NA,NA,NA,NA,NA,NA,NA,NA,NA,NA,NA,0.00035,NA,NA,NA,NA,NA,NA,NA,NA,NA,0,NA,NA,NA,NA,NA,NA,NA,NA,NA,NA,NA,NA,NA,NA,NA,NA,NA,NA,NA,NA,NA,NA,NA,NA,NA,NA,NA,NA,NA,NA,NA,NA,NA,NA,NA,NA,NA,NA,NA,NA,NA,NA,NA,NA
"Garrulus_glandarius",NA,0.429202477615041,0.15293617963832,NA,NA,NA,NA,NA,NA,NA,NA,NA,NA,NA,NA,NA,NA,NA,NA,NA,NA,NA,NA,NA,NA,NA,NA,NA,NA,NA,NA,NA,NA,NA,NA,NA,NA,NA,NA,0.09687,NA,NA,NA,NA,NA,NA,NA,NA,NA,NA,NA,NA,NA,NA,NA,NA,NA,NA,NA,NA,NA,NA,NA,NA,NA,NA,NA,NA,NA,NA,NA,NA,NA,NA,NA,NA,NA,NA,NA,NA,NA,NA,NA,0.0425607483267469,NA,NA,NA,NA,NA,NA,NA,NA,0
"Gasterosteus_aculeatus",NA,NA,NA,NA,NA,NA,NA,NA,NA,NA,NA,NA,NA,NA,NA,NA,NA,NA,NA,NA,NA,NA,NA,NA,NA,NA,NA,NA,NA,NA,NA,NA,NA,NA,NA,NA,NA,NA,NA,NA,2.91816,NA,NA,NA,NA,NA,1.69682686308276,NA,NA,NA,NA,NA,NA,NA,NA,NA,NA,NA,NA,NA,NA,NA,NA,NA,NA,NA,NA,NA,NA,NA,NA,NA,NA,NA,NA,NA,NA,NA,NA,NA,NA,NA,NA,NA,NA,NA,NA,NA,NA,NA,NA,NA,NA
"Glaucidium_passerinum",NA,NA,NA,NA,NA,NA,NA,-0.00153557149615617,NA,NA,NA,NA,NA,NA,NA,NA,NA,NA,NA,-0.0893160641627206,-0.204550437443811,-0.0454556138089572,-0.0223801970762162,NA,-0.0150468355905396,-0.00896816534479299,NA,NA,NA,NA,NA,NA,-0.00690644702962468,NA,NA,NA,NA,NA,NA,NA,NA,356.623931623932,NA,NA,NA,NA,NA,NA,NA,NA,NA,NA,-0.00701779633996231,NA,NA,NA,NA,NA,NA,NA,NA,NA,NA,-0.105524158717043,-0.0591095995228828,NA,NA,NA,-0.00759897416335727,NA,-0.0457988716965414,NA,NA,NA,NA,-0.00841987232154173,NA,NA,NA,-0.015999160320165,-0.0255573863678156,-0.00021495399441828,NA,NA,NA,-0.00542869627262623,NA,NA,-0.0370064870600949,NA,NA,-0.0267270101036857,NA
"Glis_glis",NA,NA,NA,NA,NA,NA,NA,NA,NA,NA,NA,NA,NA,NA,NA,NA,NA,NA,NA,NA,NA,NA,NA,NA,NA,NA,NA,NA,NA,NA,NA,NA,NA,NA,NA,NA,NA,NA,NA,NA,NA,NA,0.659,NA,NA,NA,NA,NA,0,NA,NA,NA,NA,NA,NA,NA,NA,NA,NA,NA,NA,NA,NA,NA,NA,NA,NA,NA,NA,NA,NA,NA,NA,NA,NA,NA,NA,NA,NA,NA,NA,NA,NA,NA,NA,NA,NA,NA,NA,NA,NA,NA,0
"Lacerta_sp.",NA,NA,NA,NA,NA,NA,NA,NA,NA,NA,NA,NA,NA,NA,NA,NA,NA,NA,NA,NA,NA,NA,NA,NA,NA,NA,NA,NA,NA,NA,NA,NA,NA,NA,NA,NA,NA,NA,NA,NA,NA,NA,NA,0.01668,NA,NA,0,NA,6.51774452524116e-05,NA,NA,NA,NA,NA,NA,NA,NA,NA,NA,NA,NA,NA,0,NA,NA,NA,NA,NA,NA,NA,NA,NA,NA,NA,NA,NA,NA,NA,NA,NA,NA,NA,NA,NA,NA,NA,NA,NA,NA,NA,NA,NA,NA
"Lepus_europaeus",NA,0.0315255319360754,NA,NA,NA,NA,NA,NA,NA,NA,NA,NA,NA,NA,NA,NA,NA,NA,NA,NA,NA,NA,NA,NA,NA,NA,NA,NA,NA,NA,NA,NA,NA,NA,NA,NA,NA,NA,NA,NA,NA,NA,NA,NA,0.0444,NA,NA,0.0216602276255116,0,NA,NA,NA,NA,NA,NA,NA,NA,NA,NA,NA,NA,NA,0,NA,NA,NA,NA,NA,NA,NA,NA,NA,NA,NA,NA,NA,NA,NA,NA,NA,NA,NA,NA,NA,NA,NA,NA,NA,NA,NA,NA,NA,NA
"Leuciscus_idus",NA,NA,NA,NA,NA,NA,NA,NA,NA,NA,NA,NA,NA,NA,NA,NA,NA,NA,NA,NA,NA,NA,NA,NA,NA,NA,NA,NA,NA,NA,NA,NA,NA,NA,NA,NA,NA,NA,NA,NA,NA,NA,NA,NA,NA,0.00271,0,NA,NA,NA,NA,NA,NA,NA,NA,NA,NA,NA,NA,NA,NA,NA,NA,NA,NA,NA,NA,NA,NA,NA,NA,NA,NA,NA,NA,NA,NA,NA,NA,NA,NA,NA,NA,NA,NA,NA,NA,NA,NA,NA,NA,NA,NA
"Lutra_lutra",0,NA,NA,NA,NA,-0.00605066066859857,NA,0,NA,NA,NA,-0.00543171631677088,NA,NA,-0.000851199033739211,NA,NA,NA,NA,NA,NA,NA,NA,NA,0,NA,NA,NA,NA,NA,NA,NA,NA,NA,NA,NA,NA,NA,NA,NA,-0.169682686308276,NA,NA,0,NA,0,9.88709677419355,NA,NA,NA,NA,NA,NA,0,NA,NA,NA,NA,NA,NA,0,NA,NA,NA,NA,NA,NA,NA,NA,NA,NA,NA,0,-0.00054818949975781,NA,NA,0,NA,NA,NA,NA,NA,NA,NA,NA,NA,NA,0,NA,-0.000618232300281955,NA,NA,NA
"Lynx_lynx",NA,NA,NA,NA,NA,NA,NA,NA,NA,NA,NA,NA,NA,0,NA,NA,NA,-0.00196820589457143,NA,NA,NA,NA,NA,-0.000268856433990655,0,NA,NA,NA,NA,NA,NA,NA,NA,NA,NA,NA,NA,NA,NA,NA,NA,NA,NA,NA,-0.00216602276255116,NA,NA,2.16097308488613,NA,NA,NA,NA,NA,NA,NA,NA,NA,NA,NA,NA,NA,NA,NA,NA,NA,NA,NA,NA,0,NA,NA,NA,NA,NA,NA,NA,NA,0,NA,NA,NA,0,NA,NA,0,NA,NA,NA,NA,0,NA,0,NA
"Martes_martes",NA,NA,NA,NA,NA,NA,0,-0.00338884877342107,NA,NA,NA,NA,NA,NA,NA,NA,NA,NA,NA,NA,NA,NA,NA,NA,-0.00462274191505305,NA,NA,NA,NA,NA,NA,NA,-0.00229021989191919,NA,NA,NA,NA,NA,0,NA,NA,NA,0,-6.51774452524116e-06,0,NA,NA,NA,2.68443997317237,0,-0.00683505187492862,-0.0304267589900449,-0.0260834221657624,NA,NA,NA,NA,NA,NA,NA,-0.000384914091061594,NA,NA,NA,NA,NA,NA,NA,-0.00343618438793765,NA,NA,NA,NA,-6.31265595130846e-06,0,NA,NA,-2.15767510707986e-05,NA,NA,NA,-0.000605883183961417,-0.00213841138241011,NA,NA,NA,-0.000162069073193187,NA,NA,-0.000122902364169352,NA,-0.00574556934892028,NA
"Micromys_minutus",NA,0.00119098128059207,NA,NA,0.0416089466089466,NA,NA,NA,NA,NA,NA,NA,NA,NA,NA,0.00941984479834455,NA,NA,NA,NA,NA,NA,NA,NA,NA,NA,NA,NA,NA,NA,NA,NA,NA,NA,NA,NA,NA,NA,NA,NA,NA,NA,NA,NA,NA,NA,NA,NA,0,1.78712,NA,NA,NA,NA,NA,NA,NA,0,NA,NA,NA,NA,NA,NA,NA,NA,NA,NA,NA,NA,NA,NA,NA,NA,NA,NA,NA,NA,NA,NA,NA,NA,NA,0.0215021193426349,NA,NA,NA,NA,NA,NA,NA,NA,0.000583435560016359
"Microtus_agrestis",NA,NA,NA,NA,0.189786526440424,NA,NA,NA,NA,NA,NA,NA,NA,NA,NA,0.0157617102719414,NA,NA,NA,NA,NA,NA,NA,NA,NA,NA,NA,NA,NA,NA,NA,NA,NA,NA,NA,NA,NA,NA,NA,NA,NA,NA,NA,NA,NA,NA,NA,NA,0.0683505187492862,NA,0.13348,NA,NA,NA,NA,NA,NA,NA,NA,NA,NA,NA,NA,NA,NA,NA,NA,NA,NA,NA,NA,NA,NA,NA,NA,NA,NA,NA,NA,NA,NA,NA,NA,0.0197188772764695,NA,NA,NA,NA,NA,NA,NA,NA,0.0296622071515517
"Microtus_arvalis",NA,NA,NA,NA,0.623228015179013,NA,NA,NA,NA,NA,NA,NA,NA,NA,NA,0.109140433032347,NA,NA,NA,NA,NA,NA,NA,NA,NA,NA,NA,NA,NA,NA,NA,NA,NA,NA,NA,NA,NA,NA,NA,NA,NA,NA,NA,NA,NA,NA,NA,NA,0.304267589900449,NA,NA,0.66227,NA,NA,NA,NA,NA,NA,NA,NA,NA,NA,NA,NA,NA,NA,NA,NA,NA,NA,NA,NA,NA,NA,NA,NA,NA,NA,NA,NA,NA,NA,NA,0.127842162694738,NA,NA,NA,NA,NA,NA,NA,NA,0.487415157231335
"Microtus_oeconomus",NA,0.00243014626746104,0.0117233028484673,NA,NA,NA,NA,NA,NA,NA,NA,NA,NA,NA,NA,0.0429270951595514,0,NA,NA,NA,NA,NA,NA,NA,NA,NA,NA,NA,NA,NA,NA,NA,NA,NA,NA,NA,NA,NA,NA,NA,NA,0.0701779633996231,NA,NA,NA,NA,NA,NA,0.260834221657624,NA,NA,NA,0.27303,NA,NA,0.393205421580707,0.465131098694538,NA,0.174228502637713,NA,NA,NA,0.00195419875062491,NA,NA,NA,NA,NA,NA,NA,NA,NA,NA,NA,NA,NA,NA,NA,NA,NA,NA,NA,NA,0.157949350908669,NA,NA,NA,NA,NA,NA,NA,NA,0.187699991446934
"Misgurnus_fossilis",NA,NA,NA,NA,NA,NA,NA,NA,NA,NA,NA,NA,NA,NA,NA,NA,NA,NA,NA,NA,NA,NA,NA,NA,NA,NA,NA,NA,NA,NA,NA,NA,NA,NA,NA,NA,NA,NA,NA,NA,NA,NA,NA,NA,NA,NA,0,NA,NA,NA,NA,NA,NA,0.24535,NA,NA,NA,NA,NA,NA,NA,NA,NA,NA,NA,NA,NA,NA,NA,NA,NA,NA,NA,NA,NA,NA,NA,NA,NA,NA,NA,NA,NA,NA,NA,NA,NA,NA,NA,NA,NA,NA,NA
"Mus_musculus",NA,NA,NA,NA,NA,NA,NA,NA,NA,NA,NA,NA,NA,NA,NA,NA,NA,NA,NA,NA,NA,NA,NA,NA,NA,NA,NA,NA,NA,NA,NA,NA,NA,NA,NA,NA,NA,NA,NA,NA,NA,NA,NA,NA,NA,NA,NA,NA,NA,NA,NA,NA,NA,NA,8.86642,NA,NA,NA,NA,NA,NA,NA,NA,NA,NA,NA,NA,NA,NA,NA,NA,NA,NA,NA,NA,NA,NA,NA,NA,NA,NA,NA,NA,0.00677336157677359,NA,NA,NA,NA,NA,NA,NA,NA,NA
"Mustela_erminea",NA,NA,NA,NA,NA,NA,NA,-0.00799062858600025,NA,NA,NA,NA,NA,NA,NA,NA,NA,NA,NA,NA,NA,NA,NA,NA,-0.00512454710144927,NA,NA,NA,NA,NA,NA,NA,NA,NA,NA,NA,NA,NA,NA,NA,NA,NA,NA,NA,NA,NA,NA,NA,NA,NA,NA,NA,-0.0393205421580707,NA,NA,33.4347826086957,NA,NA,NA,NA,NA,NA,NA,NA,NA,NA,NA,NA,NA,NA,NA,NA,NA,NA,NA,NA,NA,NA,NA,NA,NA,NA,NA,NA,NA,NA,NA,NA,NA,-0.00176778604118993,NA,NA,NA
"Mustela_nivalis",NA,NA,NA,NA,NA,NA,NA,-0.0275526406573137,NA,NA,NA,NA,NA,NA,NA,NA,NA,NA,NA,NA,NA,NA,NA,NA,-0.00871009708570927,NA,NA,NA,NA,NA,NA,NA,NA,NA,NA,NA,NA,NA,NA,NA,NA,NA,NA,NA,NA,NA,NA,NA,NA,NA,NA,NA,-0.0465131098694538,NA,NA,NA,11.6071428571429,NA,NA,NA,NA,NA,NA,NA,NA,NA,NA,NA,NA,NA,NA,NA,NA,NA,NA,NA,NA,NA,NA,NA,-0.0344524944689183,-0.00299427302667099,NA,NA,NA,NA,-0.00114199251317068,NA,NA,-0.000538054007787326,NA,-0.000165652441563184,NA
"Mustela_putorius",NA,NA,NA,NA,NA,NA,NA,-0.000604919625702438,NA,NA,NA,NA,NA,NA,NA,NA,NA,NA,NA,NA,NA,NA,NA,NA,NA,NA,NA,NA,NA,NA,NA,NA,NA,NA,NA,NA,NA,NA,NA,NA,NA,NA,NA,NA,NA,NA,NA,NA,NA,0,NA,NA,NA,NA,NA,NA,NA,5.08266414737837,NA,NA,NA,NA,NA,NA,NA,NA,NA,NA,NA,NA,NA,-0.027516907255762,NA,-0.00104979969272775,NA,NA,NA,NA,NA,NA,NA,NA,NA,NA,NA,NA,0,NA,NA,NA,NA,NA,NA
"Mustela_vison",NA,NA,NA,NA,NA,NA,NA,0,NA,-0.0406533183483184,NA,0,NA,NA,NA,NA,NA,NA,NA,NA,NA,NA,NA,NA,0,NA,NA,NA,NA,NA,NA,NA,NA,NA,NA,NA,NA,NA,NA,NA,NA,NA,NA,NA,NA,NA,NA,NA,NA,NA,NA,NA,-0.0174228502637713,NA,NA,NA,NA,NA,23.3241505968779,NA,-0.00529648716575375,NA,NA,NA,NA,NA,NA,NA,0,NA,NA,NA,NA,-0.000709751791580994,NA,NA,NA,NA,NA,0,NA,NA,NA,NA,NA,NA,0,NA,NA,0,NA,-0.000513813990637015,NA
"Natrix_natrix",NA,0.00016460883808114,NA,NA,NA,NA,NA,NA,NA,NA,NA,NA,NA,NA,NA,NA,8.36928836584169e-06,NA,NA,NA,NA,NA,NA,NA,NA,NA,NA,NA,NA,NA,NA,NA,NA,NA,NA,NA,NA,NA,NA,NA,NA,NA,NA,NA,NA,NA,NA,NA,NA,NA,NA,NA,NA,NA,NA,NA,NA,NA,NA,0.0014,NA,NA,NA,NA,NA,NA,NA,NA,NA,NA,NA,NA,NA,NA,NA,NA,NA,NA,NA,NA,NA,NA,NA,NA,NA,NA,NA,NA,NA,NA,NA,NA,NA
"Neomys_fodiens",NA,NA,NA,NA,NA,NA,NA,NA,NA,NA,NA,NA,NA,NA,NA,NA,NA,NA,NA,NA,NA,NA,NA,NA,NA,NA,NA,NA,NA,NA,NA,NA,NA,NA,NA,NA,NA,NA,NA,NA,NA,NA,NA,NA,NA,NA,0,NA,0.00384914091061594,NA,NA,NA,NA,NA,NA,NA,NA,NA,0.0529648716575375,NA,0.12323,NA,NA,NA,NA,NA,NA,NA,NA,NA,NA,NA,NA,NA,NA,NA,NA,NA,NA,NA,NA,NA,NA,0.00145139503505484,NA,NA,NA,NA,NA,NA,NA,NA,0.000250042902846152
"Nucifraga_caryocatactes",NA,0.0535254354843639,0.100416037977096,NA,NA,NA,NA,NA,NA,NA,NA,NA,NA,NA,NA,NA,NA,NA,NA,NA,NA,NA,NA,NA,NA,NA,NA,NA,NA,NA,NA,NA,NA,NA,NA,NA,NA,NA,NA,NA,NA,NA,NA,NA,NA,NA,NA,NA,NA,NA,NA,NA,NA,NA,NA,NA,NA,NA,NA,NA,NA,0.63714,NA,NA,NA,NA,NA,NA,NA,NA,NA,NA,NA,NA,NA,NA,NA,NA,NA,NA,NA,NA,NA,NA,NA,NA,NA,NA,NA,NA,NA,NA,NA
"Nyctereutes_procyonoides",NA,NA,NA,NA,NA,NA,NA,0,NA,NA,NA,NA,NA,NA,-0.000110125189416957,NA,NA,NA,-0.690242665910008,NA,NA,NA,NA,NA,NA,NA,NA,NA,NA,NA,0,NA,NA,NA,NA,NA,NA,NA,NA,NA,NA,NA,NA,0,0,NA,NA,NA,NA,NA,NA,NA,-0.000195419875062491,NA,NA,NA,NA,NA,NA,NA,NA,NA,1.44216473386857,NA,NA,NA,NA,NA,NA,NA,NA,NA,NA,-0.000115915037954571,NA,NA,NA,NA,NA,NA,NA,-0.00041899929348505,NA,NA,NA,NA,-7.25845250232116e-06,NA,NA,NA,NA,NA,NA
"Parus_caeruleus",NA,NA,0.747213187194682,NA,0.320114978865703,NA,NA,NA,NA,NA,NA,NA,NA,NA,NA,NA,NA,NA,NA,NA,NA,NA,NA,NA,NA,NA,NA,NA,NA,NA,NA,NA,NA,NA,NA,NA,NA,NA,NA,NA,NA,1.05524158717043,NA,NA,NA,NA,NA,NA,NA,NA,NA,NA,NA,NA,NA,NA,NA,NA,NA,NA,NA,NA,NA,0.60627,NA,NA,NA,NA,NA,NA,NA,NA,NA,NA,NA,NA,NA,NA,NA,NA,NA,NA,NA,NA,NA,NA,NA,NA,NA,NA,NA,NA,NA
"Parus_major",NA,0.00359888787239737,0.551225623906614,NA,0.220036260170429,NA,NA,NA,NA,NA,NA,NA,NA,NA,NA,NA,NA,NA,NA,NA,NA,NA,NA,NA,NA,NA,NA,NA,NA,NA,NA,NA,NA,NA,NA,NA,NA,NA,NA,NA,NA,0.591095995228827,NA,NA,NA,NA,NA,NA,NA,NA,NA,NA,NA,NA,NA,NA,NA,NA,NA,NA,NA,NA,NA,NA,0.41505,NA,NA,NA,NA,NA,NA,NA,NA,NA,NA,NA,NA,NA,NA,NA,NA,NA,NA,0.00649756679955989,NA,NA,NA,NA,NA,NA,NA,NA,0
"Pelobates_fuscus",NA,NA,NA,NA,NA,NA,NA,NA,NA,NA,NA,NA,NA,NA,NA,NA,NA,NA,NA,NA,NA,NA,NA,NA,NA,NA,NA,NA,NA,NA,NA,NA,NA,NA,NA,NA,NA,NA,NA,NA,NA,NA,NA,NA,NA,NA,NA,NA,NA,NA,NA,NA,NA,NA,NA,NA,NA,NA,NA,NA,NA,NA,NA,NA,NA,1.00904,NA,NA,NA,NA,NA,NA,NA,NA,NA,NA,NA,NA,NA,NA,NA,NA,NA,0.0258026487806007,NA,NA,NA,NA,NA,NA,NA,NA,NA
"Picoides_tridactylus",NA,NA,1.33219250595896,NA,NA,NA,NA,NA,NA,NA,NA,NA,NA,NA,NA,NA,NA,NA,NA,NA,NA,NA,NA,NA,NA,NA,NA,NA,NA,NA,NA,NA,NA,NA,NA,NA,NA,NA,NA,NA,NA,NA,NA,NA,NA,NA,NA,NA,NA,NA,NA,NA,NA,NA,NA,NA,NA,NA,NA,NA,NA,NA,NA,NA,NA,NA,1.29122,NA,NA,NA,NA,NA,NA,NA,NA,NA,NA,NA,NA,NA,NA,NA,NA,NA,NA,NA,NA,NA,NA,NA,NA,NA,NA
"Picus_viridis",NA,0.116146696606594,NA,NA,NA,NA,NA,NA,NA,NA,NA,NA,NA,NA,NA,NA,NA,NA,NA,NA,NA,NA,NA,NA,NA,NA,NA,NA,NA,NA,NA,NA,NA,NA,NA,NA,NA,NA,NA,NA,NA,NA,NA,NA,NA,NA,NA,NA,NA,NA,NA,NA,NA,NA,NA,NA,NA,NA,NA,NA,NA,NA,NA,NA,NA,NA,NA,2.26847,NA,NA,NA,NA,NA,NA,NA,NA,NA,NA,NA,NA,NA,NA,NA,NA,NA,NA,NA,NA,NA,NA,NA,NA,NA
"Pitymys_subterraneus",NA,NA,NA,NA,0.0217297798646436,NA,NA,NA,NA,NA,NA,NA,NA,NA,NA,NA,NA,NA,NA,NA,NA,NA,NA,NA,NA,NA,NA,NA,NA,NA,NA,NA,NA,NA,NA,NA,NA,NA,NA,NA,NA,0.0759897416335727,NA,NA,NA,NA,NA,0,0.0343618438793765,NA,NA,NA,NA,NA,NA,NA,NA,NA,0,NA,NA,NA,NA,NA,NA,NA,NA,NA,0.11964,NA,NA,NA,NA,NA,NA,NA,NA,NA,NA,NA,NA,NA,NA,0.0164119652894065,NA,NA,NA,NA,NA,NA,NA,NA,NA
"Prunella_modularis",NA,NA,0.0611294029288905,NA,NA,NA,NA,NA,NA,NA,NA,NA,NA,NA,NA,NA,NA,NA,NA,NA,NA,NA,NA,NA,NA,NA,NA,NA,NA,NA,NA,NA,NA,NA,NA,NA,NA,NA,NA,NA,NA,NA,NA,NA,NA,NA,NA,NA,NA,NA,NA,NA,NA,NA,NA,NA,NA,NA,NA,NA,NA,NA,NA,NA,NA,NA,NA,NA,NA,0.44276,NA,NA,NA,NA,NA,NA,NA,NA,NA,NA,NA,NA,NA,NA,NA,NA,NA,NA,NA,NA,NA,NA,NA
"Pyrrhula_pyrrhula",NA,NA,0.153014997018148,NA,NA,NA,NA,NA,NA,NA,NA,NA,NA,NA,NA,NA,NA,NA,NA,NA,NA,NA,NA,NA,NA,NA,NA,NA,NA,NA,NA,NA,NA,NA,NA,NA,NA,NA,NA,NA,NA,0.457988716965414,NA,NA,NA,NA,NA,NA,NA,NA,NA,NA,NA,NA,NA,NA,NA,NA,NA,NA,NA,NA,NA,NA,NA,NA,NA,NA,NA,NA,1.813,NA,NA,NA,NA,NA,NA,NA,NA,NA,NA,NA,NA,0,NA,NA,NA,NA,NA,NA,NA,NA,NA
"Rana_arvalis",NA,NA,NA,NA,NA,NA,NA,NA,NA,NA,NA,NA,NA,NA,NA,NA,NA,NA,NA,NA,NA,NA,NA,NA,NA,NA,NA,NA,NA,NA,NA,NA,NA,NA,NA,NA,NA,NA,NA,NA,NA,NA,NA,NA,NA,NA,NA,NA,NA,NA,NA,NA,NA,NA,NA,NA,NA,0.27516907255762,NA,NA,NA,NA,NA,NA,NA,NA,NA,NA,NA,NA,NA,0.03594,NA,NA,NA,NA,NA,NA,NA,NA,NA,NA,NA,0.0371400707056683,NA,NA,NA,NA,NA,NA,NA,NA,NA
"Rana_esculenta",NA,NA,NA,NA,NA,NA,NA,NA,NA,NA,NA,NA,NA,NA,NA,NA,NA,NA,NA,NA,NA,NA,NA,NA,NA,NA,NA,NA,NA,NA,NA,NA,NA,NA,NA,NA,NA,NA,NA,NA,NA,NA,NA,NA,NA,NA,0,NA,NA,NA,NA,NA,NA,NA,NA,NA,NA,NA,NA,NA,NA,NA,NA,NA,NA,NA,NA,NA,NA,NA,NA,NA,0.00578,NA,NA,NA,NA,NA,NA,NA,NA,NA,NA,NA,NA,NA,NA,NA,NA,NA,NA,NA,NA
"Rana_temporaria",NA,1.75788123956796e-05,NA,NA,NA,NA,NA,NA,NA,NA,NA,NA,NA,NA,NA,NA,NA,NA,NA,NA,NA,NA,NA,NA,NA,NA,NA,NA,NA,NA,NA,NA,NA,NA,NA,NA,NA,NA,NA,NA,NA,NA,NA,NA,NA,NA,0.0054818949975781,NA,6.31265595130846e-05,NA,NA,NA,NA,NA,NA,NA,NA,0.0104979969272775,0.00709751791580994,NA,NA,NA,0.00115915037954571,NA,NA,NA,NA,NA,NA,NA,NA,NA,NA,0.00052,NA,NA,NA,NA,NA,NA,NA,NA,NA,0.0013885148323665,NA,NA,NA,NA,NA,NA,NA,NA,NA
"Rattus_norvegicus",NA,NA,NA,NA,NA,NA,NA,NA,NA,NA,NA,NA,NA,NA,NA,NA,NA,NA,NA,NA,NA,NA,NA,NA,NA,NA,NA,NA,NA,NA,NA,NA,NA,NA,NA,NA,NA,NA,NA,NA,NA,NA,NA,NA,NA,NA,NA,NA,0,NA,NA,NA,NA,NA,NA,NA,NA,NA,NA,NA,NA,NA,NA,NA,NA,NA,NA,NA,NA,NA,NA,NA,NA,NA,0.21812,NA,NA,NA,NA,NA,NA,NA,NA,0,NA,NA,NA,NA,NA,NA,NA,NA,0
"Regulus_regulus",NA,NA,0.00281311851690657,NA,0.142611569734086,NA,NA,NA,NA,NA,NA,NA,NA,NA,NA,NA,NA,NA,NA,NA,NA,NA,NA,NA,NA,NA,NA,NA,NA,NA,NA,NA,NA,NA,NA,NA,NA,NA,NA,NA,NA,0.0841987232154173,NA,NA,NA,NA,NA,NA,NA,NA,NA,NA,NA,NA,NA,NA,NA,NA,NA,NA,NA,NA,NA,NA,NA,NA,NA,NA,NA,NA,NA,NA,NA,NA,NA,1.9754,NA,NA,NA,NA,NA,NA,NA,0,NA,NA,NA,NA,NA,NA,NA,NA,NA
"Scardinius_erythrophthalmus",NA,NA,NA,NA,NA,NA,NA,NA,NA,NA,NA,NA,NA,NA,NA,NA,NA,NA,NA,NA,NA,NA,NA,NA,NA,NA,NA,NA,NA,NA,NA,NA,NA,NA,NA,NA,NA,NA,NA,NA,NA,NA,NA,NA,NA,NA,0,NA,NA,NA,NA,NA,NA,NA,NA,NA,NA,NA,NA,NA,NA,NA,NA,NA,NA,NA,NA,NA,NA,NA,NA,NA,NA,NA,NA,NA,0.10813,NA,NA,NA,NA,NA,NA,NA,NA,NA,NA,NA,NA,NA,NA,NA,NA
"Sciurus_vulgaris",NA,0.0201884596281441,NA,NA,NA,NA,NA,NA,NA,NA,NA,NA,NA,NA,NA,NA,0,NA,NA,NA,NA,NA,NA,NA,NA,NA,NA,NA,NA,NA,NA,NA,NA,NA,NA,NA,NA,NA,NA,NA,NA,NA,NA,NA,NA,NA,NA,0,0.000215767510707986,NA,NA,NA,NA,NA,NA,NA,NA,NA,NA,NA,NA,NA,NA,NA,NA,NA,NA,NA,NA,NA,NA,NA,NA,NA,NA,NA,NA,0.00879,NA,NA,NA,NA,NA,NA,NA,NA,NA,NA,NA,NA,NA,NA,0.000176606665213223
"Scolopax_rusticola",NA,NA,0.0182300163911573,NA,NA,NA,NA,NA,NA,NA,NA,NA,NA,NA,NA,NA,NA,NA,NA,NA,NA,NA,NA,NA,NA,NA,NA,NA,NA,NA,NA,NA,NA,NA,NA,NA,NA,NA,NA,NA,NA,NA,NA,NA,NA,NA,NA,NA,NA,NA,NA,NA,NA,NA,NA,NA,NA,NA,NA,NA,NA,NA,NA,NA,NA,NA,NA,NA,NA,NA,NA,NA,NA,NA,NA,NA,NA,NA,0.32807,NA,NA,NA,NA,NA,NA,NA,NA,NA,NA,NA,NA,NA,NA
"Sicista_betulina",NA,NA,0.00076362517580872,NA,0.0221212121212121,NA,NA,NA,NA,NA,NA,NA,NA,NA,NA,NA,NA,NA,NA,NA,NA,NA,NA,NA,NA,NA,NA,NA,NA,NA,NA,NA,NA,NA,NA,NA,NA,NA,NA,NA,NA,0.15999160320165,NA,NA,NA,NA,NA,NA,NA,NA,NA,NA,NA,NA,NA,NA,NA,NA,0,NA,NA,NA,NA,NA,NA,NA,NA,NA,NA,NA,NA,NA,NA,NA,NA,NA,NA,NA,NA,0.47819,NA,NA,NA,NA,NA,NA,NA,NA,NA,NA,NA,NA,NA
"Sitta_europaea",NA,0.000708018357993062,0.30739607123333,NA,NA,NA,NA,NA,NA,NA,NA,NA,NA,NA,NA,NA,0,NA,NA,NA,NA,NA,NA,NA,NA,NA,NA,NA,NA,NA,NA,NA,NA,NA,NA,NA,NA,NA,NA,NA,NA,0.255573863678156,NA,NA,NA,NA,NA,NA,NA,NA,NA,NA,NA,NA,NA,NA,0.344524944689183,NA,NA,NA,NA,NA,NA,NA,NA,NA,NA,NA,NA,NA,NA,NA,NA,NA,NA,NA,NA,NA,NA,NA,0.3029,NA,NA,NA,NA,NA,NA,NA,NA,NA,NA,NA,NA
"Sorex_araneus",NA,NA,NA,NA,0.00104022366522367,NA,NA,NA,NA,NA,NA,NA,NA,NA,NA,NA,0,NA,NA,NA,NA,NA,NA,NA,NA,NA,NA,NA,NA,NA,NA,NA,NA,NA,NA,NA,NA,NA,NA,NA,NA,0.0021495399441828,NA,NA,NA,NA,NA,0,0.00605883183961417,NA,NA,NA,NA,NA,NA,NA,0.0299427302667099,NA,NA,NA,NA,NA,0.0041899929348505,NA,NA,NA,NA,NA,NA,NA,NA,NA,NA,NA,NA,NA,NA,NA,NA,NA,NA,0.02756,NA,0.0143795582557712,NA,NA,NA,NA,NA,NA,NA,NA,0.000340335819978038
"Sorex_minutus",NA,NA,NA,NA,0.03120670995671,NA,NA,NA,NA,NA,NA,NA,NA,NA,NA,0.0016955784500014,NA,NA,NA,NA,NA,NA,NA,NA,NA,NA,NA,NA,NA,NA,NA,NA,NA,NA,NA,NA,NA,NA,NA,NA,NA,NA,NA,NA,NA,NA,NA,NA,0.0213841138241011,NA,NA,NA,NA,NA,NA,NA,NA,NA,NA,NA,NA,NA,NA,NA,NA,NA,NA,NA,NA,NA,NA,NA,NA,NA,NA,NA,NA,NA,NA,NA,NA,NA,0.42261,0.0209645861533389,NA,NA,NA,NA,NA,NA,NA,NA,0.00408402983973646
"Strix_aluco",NA,NA,NA,NA,NA,NA,0,-0.00296616092743479,-0.0108370681486881,-0.00333448932869851,NA,NA,NA,NA,NA,NA,NA,NA,NA,-0.0223360879333455,NA,NA,NA,NA,-0.0014940828526351,-0.000420513122522137,NA,NA,NA,NA,NA,NA,NA,NA,NA,NA,NA,NA,NA,-0.00425607483267469,NA,NA,NA,NA,NA,NA,NA,NA,NA,-0.0021502119342635,-0.00197188772764695,-0.0127842162694738,-0.0157949350908669,NA,-0.000677336157677359,NA,NA,NA,NA,NA,-0.000145139503505484,NA,NA,NA,-0.000649756679955989,-0.00258026487806007,NA,NA,-0.00164119652894065,NA,0,-0.00371400707056683,NA,-0.00013885148323665,0,0,NA,NA,NA,NA,NA,-0.00143795582557712,-0.00209645861533389,1.43195399706844,NA,NA,-0.000822966292370869,NA,NA,NA,NA,NA,NA
"Sus_scrofa",NA,NA,NA,NA,NA,NA,NA,NA,NA,NA,NA,NA,NA,NA,NA,NA,0.00253835588949968,NA,NA,NA,NA,NA,NA,NA,NA,NA,NA,NA,NA,NA,NA,NA,NA,NA,NA,NA,NA,NA,NA,NA,NA,NA,NA,NA,NA,NA,NA,0,NA,NA,NA,NA,NA,NA,NA,NA,NA,NA,NA,NA,NA,NA,NA,NA,NA,NA,NA,NA,NA,NA,NA,NA,NA,NA,NA,NA,NA,NA,NA,NA,NA,NA,NA,NA,0.00022,NA,NA,NA,NA,NA,NA,NA,NA
"Sylvia_atricapilla",NA,NA,0.0326472842510663,NA,NA,NA,NA,NA,NA,NA,NA,NA,NA,NA,NA,NA,NA,NA,NA,NA,NA,NA,NA,NA,NA,NA,NA,NA,NA,NA,NA,NA,NA,NA,NA,NA,NA,NA,NA,NA,NA,0.0542869627262623,NA,NA,NA,NA,NA,NA,NA,NA,NA,NA,NA,NA,NA,NA,NA,NA,NA,NA,NA,NA,NA,NA,NA,NA,NA,NA,NA,NA,NA,NA,NA,NA,NA,NA,NA,NA,NA,NA,NA,NA,NA,NA,NA,0.42242,NA,NA,NA,NA,NA,NA,NA
"Talpa_europaea",NA,0.000541575453891317,NA,NA,NA,NA,NA,NA,NA,NA,NA,NA,NA,NA,NA,NA,NA,NA,NA,NA,NA,NA,NA,NA,NA,NA,NA,NA,NA,NA,NA,NA,NA,NA,NA,NA,NA,NA,NA,NA,NA,NA,NA,NA,NA,NA,NA,NA,0.00162069073193187,NA,NA,NA,NA,NA,NA,NA,0.0114199251317068,0,0,NA,NA,NA,7.25845250232116e-05,NA,NA,NA,NA,NA,NA,NA,NA,NA,NA,NA,NA,NA,NA,NA,NA,NA,NA,NA,NA,0.00822966292370869,NA,NA,0.00269,NA,NA,NA,NA,NA,0.000176872239145874
"Tinca_tinca",NA,NA,NA,NA,NA,NA,NA,NA,NA,NA,NA,NA,NA,NA,NA,NA,NA,NA,NA,NA,NA,NA,NA,NA,NA,NA,NA,NA,NA,NA,NA,NA,NA,NA,NA,NA,NA,NA,NA,NA,NA,NA,NA,NA,NA,NA,0,NA,NA,NA,NA,NA,NA,NA,NA,NA,NA,NA,NA,NA,NA,NA,NA,NA,NA,NA,NA,NA,NA,NA,NA,NA,NA,NA,NA,NA,NA,NA,NA,NA,NA,NA,NA,NA,NA,NA,NA,0.023,NA,NA,NA,NA,NA
"Troglodytes_troglodytes",NA,NA,0.0309097476327679,NA,NA,NA,NA,NA,NA,NA,NA,NA,NA,NA,NA,NA,NA,NA,NA,NA,NA,NA,NA,NA,NA,NA,NA,NA,NA,NA,NA,NA,NA,NA,NA,NA,NA,NA,NA,NA,NA,0.370064870600949,NA,NA,NA,NA,NA,NA,NA,NA,NA,NA,NA,NA,NA,NA,NA,NA,NA,NA,NA,NA,NA,NA,NA,NA,NA,NA,NA,NA,NA,NA,NA,NA,NA,NA,NA,NA,NA,NA,NA,NA,NA,NA,NA,NA,NA,NA,1.41241,NA,NA,NA,0
"Undet._amphibians",NA,NA,NA,NA,NA,NA,NA,NA,NA,NA,NA,NA,NA,NA,NA,NA,8.03121316474781e-06,NA,NA,NA,NA,NA,NA,NA,NA,NA,NA,NA,NA,NA,NA,NA,NA,NA,NA,NA,NA,NA,NA,NA,NA,NA,NA,NA,NA,NA,0.00618232300281955,0,0.00122902364169352,NA,NA,NA,NA,NA,NA,0.0176778604118993,0.00538054007787326,NA,0,NA,NA,NA,NA,NA,NA,NA,NA,NA,NA,NA,NA,NA,NA,NA,NA,NA,NA,NA,NA,NA,NA,NA,NA,NA,NA,NA,NA,NA,NA,0.00263,NA,NA,NA
"Undet._bats",NA,NA,0.0206833333333332,NA,NA,NA,NA,NA,NA,NA,NA,NA,NA,NA,NA,NA,NA,NA,NA,NA,NA,NA,NA,NA,NA,NA,NA,NA,NA,NA,NA,NA,NA,NA,NA,NA,NA,NA,NA,NA,NA,NA,NA,NA,NA,NA,NA,NA,NA,NA,NA,NA,NA,NA,NA,NA,NA,NA,NA,NA,NA,NA,NA,NA,NA,NA,NA,NA,NA,NA,NA,NA,NA,NA,NA,NA,NA,NA,NA,NA,NA,NA,NA,NA,NA,NA,NA,NA,NA,NA,0.38737,NA,NA
"Undet._birds",NA,0.0622965404570456,0.237710708412465,NA,0.0981193479716669,NA,NA,NA,NA,NA,0.00809452499635316,NA,NA,NA,NA,NA,NA,NA,NA,NA,NA,NA,NA,NA,NA,NA,NA,NA,NA,NA,NA,NA,NA,NA,NA,NA,NA,NA,NA,NA,NA,0.267270101036857,NA,NA,NA,NA,NA,0,0.0574556934892028,NA,NA,NA,NA,NA,NA,NA,0.00165652441563184,NA,0.00513813990637015,NA,NA,NA,NA,NA,NA,NA,NA,NA,NA,NA,NA,NA,NA,NA,NA,NA,NA,NA,NA,NA,NA,NA,NA,NA,NA,NA,NA,NA,NA,NA,NA,0.01834,0.00200117938932244
"Vulpes_vulpes",NA,NA,NA,NA,NA,NA,0,-0.000546134092373268,NA,NA,NA,NA,NA,NA,NA,NA,NA,NA,-0.679255714724825,NA,NA,NA,NA,NA,-0.000402396980835253,NA,NA,NA,NA,NA,NA,NA,0,NA,NA,NA,NA,0,NA,0,NA,NA,0,NA,NA,NA,NA,NA,NA,-5.83435560016359e-05,-0.00296622071515517,-0.0487415157231335,-0.0187699991446934,NA,NA,NA,NA,NA,NA,NA,-2.50042902846152e-05,NA,NA,NA,0,NA,NA,NA,NA,NA,NA,NA,NA,NA,0,NA,NA,-1.76606665213223e-05,NA,NA,NA,-3.40335819978038e-05,-0.000408402983973646,NA,NA,NA,-1.76872239145874e-05,NA,0,NA,NA,-0.000200117938932244,2.43535575460537
